CensusTract,State,County,Pop2010,PriorityRank,PriorityScore,PovertyRate,lapop1share,lalowi1share,lahunv1share,lasnap1share,MedianFamilyIncome,PovertyRate_score,lapop1share_score,lalowi1share_score,lahunv1share_score,lasnap1share_score,MedianFamilyIncome_score,PovertyRate_imputed,MedianFamilyIncome_imputed
17031540102,Illinois,Cook County,3109,1,0.967044437871138,64.1509433962264,100.000000969127,87.6739139000332,53.865744744855604,62.007170329091096,17122.0,0.8314115807433158,1.0,1.0,1.0,1.0,0.970855046483512,False,False
17031540101,Illinois,Cook County,3373,2,0.8849523657489073,52.922318125770694,92.2615152069945,76.848513943831,51.2059187868046,56.7601794605786,19881.0,0.6852174118716169,0.9226151431286326,0.8765265576195738,0.9506211977454369,0.9153809012624652,0.9593529828657189,False,False
17031838800,Illinois,Cook County,3233,3,0.716158456111339,42.514970059880206,95.96171828935731,57.497608377271305,28.363314777503,41.9119704122336,27083.0,0.5497160869984256,0.9596171735936639,0.6558120405441319,0.5265556971661811,0.6759213521564346,0.9293283862091967,False,False
17031829700,Illinois,Cook County,4349,4,0.6246636190645493,32.3157643691867,96.3044411630186,53.508441170249895,17.252142322349002,36.9625966807578,48194.0,0.4169247289124392,0.9630444022970626,0.6103119934996951,0.32028040091280185,0.5961019747326953,0.841318214032601,False,False
17031821500,Illinois,Cook County,2341,5,0.5870373607489964,40.6810035842294,77.4151713400761,49.3903245226293,18.6554573761731,29.057288378151704,47563.0,0.5258382570603493,0.7741517058982478,0.5633411618756374,0.3463324876419679,0.46861174641474124,0.843948805603035,False,False
17031827700,Illinois,Cook County,2902,6,0.5797981244321259,29.3871866295265,99.99999990735719,52.906824392595496,8.9174764074769,28.649237367571303,41563.0,0.378795307161026,0.9999999893823021,0.6034500119718673,0.16555004390482425,0.46203103956398917,0.8689623546087464,False,False
17031820603,Illinois,Cook County,5254,7,0.4922886896668128,20.8947721179625,100.00000056577801,38.2366093267521,3.8536743027650298,25.352112850368,65545.0,0.2682259853315099,0.9999999959665101,0.4361229883081292,0.07154220778007661,0.408857761381733,0.7689831992329178,False,False
17031827000,Illinois,Cook County,3624,8,0.48463531898937834,31.325625168055897,67.46108968895041,41.8028741558057,10.8686632907565,17.2303343905637,40662.0,0.40403333979845096,0.6746108903516678,0.47679945261106765,0.20177319263360785,0.2778764826570383,0.8727185558844374,False,False
17031430700,Illinois,Cook County,2210,9,0.4833280144679231,44.9773755656109,47.5131382877471,30.3313008233972,25.7492944680223,16.5134806179125,69436.0,0.5817760513898443,0.4751313782728445,0.345955820541801,0.4780272618523753,0.2663156620479597,0.752761912702714,False,True
17031827600,Illinois,Cook County,3463,10,0.4714623210538555,25.409104433204398,68.6456943241169,36.0440000611993,15.679581770995398,17.7242336828631,51563.0,0.3270015740559751,0.6864569365885295,0.4111143036490544,0.29108632666761486,0.285841679096065,0.827273106265894,False,False
17031830001,Illinois,Cook County,2105,11,0.46865884370673117,14.722445695897,98.7471574431644,41.0718265173607,7.55558069380183,12.0715599946907,50139.0,0.1878636872278461,0.9874715648617904,0.46846119547247844,0.1402668937297747,0.19468006571858099,0.8332096552299162,False,False
17031828702,Illinois,Cook County,4916,12,0.4650406146268409,16.7636061487329,99.99999843262731,38.26103790512,3.0632068942689097,17.227378021731198,56976.0,0.21443913602488437,0.9999999746350033,0.4364016182595164,0.05686743790099474,0.2778288048027383,0.804706716137908,False,False
17031829000,Illinois,Cook County,1327,13,0.4429820854369318,53.2352941176471,29.525815938777,23.2675329041643,9.43301671241514,17.4194710423859,21667.0,0.6892922887071238,0.29525815652634346,0.265387181536052,0.1751208816864271,0.28092672105395905,0.9519072831116855,False,False
17031530600,Illinois,Cook County,3207,14,0.43628494970045395,28.7975876366378,46.836890618972795,31.598971317146702,11.1919712816887,20.7687570376599,40093.0,0.3711188612331572,0.46836890165063844,0.3604147449511175,0.20777530014114542,0.3349412161115195,0.8750906741151457,False,False
17031817600,Illinois,Cook County,3997,15,0.4265676663838937,7.183462532299741,77.8480226560491,32.4348126222905,5.02750174081973,25.4959021168531,54085.0,0.0897078265420524,0.7784802190160289,0.36994826829874444,0.0933339316969135,0.4111766749157963,0.8167590778338266,False,False
17031431400,Illinois,Cook County,6418,16,0.4214984033793458,39.7992277992278,36.0287867590957,18.524606869056502,16.1939569181058,14.3149147600662,31345.0,0.5143577351874996,0.3602878640993101,0.21128983576778004,0.30063553367378976,0.23085902298222208,0.9115604285654729,False,False
17031824300,Illinois,Cook County,4814,17,0.41625784161706963,41.1115825201527,39.8516976669211,23.6036753632116,9.467754565105441,18.4966241036671,52276.0,0.5314442977068916,0.3985169728070754,0.2692211892139865,0.17576577860291534,0.29829814851249997,0.8243006628590487,False,False
17031817500,Illinois,Cook County,3623,18,0.3993516864702795,18.823877068557902,48.1642257501383,23.2630058647995,14.126828098387401,20.3995812597775,54118.0,0.24126339879254932,0.48164225283365786,0.26533554657231617,0.2622599606726234,0.3289874566362351,0.8166215033142953,False,False
17031530502,Illinois,Cook County,1667,19,0.38771490060207564,21.713917525773198,48.4109021982499,23.3632514663331,7.4311816074819,18.863768609652702,45000.0,0.27889107381701184,0.4841090172908678,0.2664789379994162,0.1379574652254596,0.3042191493263906,0.854633759953308,False,False
17031770500,Illinois,Cook County,4078,20,0.3855068246823337,30.357565711579397,51.0995852655917,31.5602456017837,1.20725770171271,11.2489229985868,46875.0,0.39142942398069325,0.5109958477037183,0.35997304326768226,0.02241234586899512,0.18141326138389013,0.8468170258890232,False,False
